SID,DOM_TYPE,DESL_MEAN,CLAT_MEAN,CLON_MEAN,YEAR_START,MONTH_START,DAY_START,AREA_MAX,AREA_MEAN,OVERLAP_MEAN,DURATION,BI_MAX,BI_MEAN,Z500_MAX,Z500_MEAN,PERC_RIDGE,PERC_OMEGA,PERC_HYBRID,PERC_REX,PERC_POLAR
2019001,Ridge,,40.283700047553,-24.585116595892,2019,1,16,10150031,2650415.28,0.7181666666666665,25,5.438339710235596,2.916982668556899,5883.8,5812.548000000001,0.84,0.08,0,0.0,0.0
2019002,Rex block,,69.73175731512285,-146.1341039998436,2019,1,16,3258509,1990035.25,0.723,4,4.490089416503906,2.7748528006006277,5490.0,5431.400000000001,0.0,0.0,0,0.75,0.25
2019003,Ridge,,39.51645776347781,85.92394139345497,2019,1,19,1075479,953256.75,0.6763333333333333,4,3.403627872467041,2.5278279764784704,5693.2,5680.5,1.0,0.0,0,0.0,0.0
2019004,Rex block (polar),,81.2917449516214,-74.11121900779503,2019,1,21,917515,806794.2,0.6549999999999999,5,2.0404696464538574,0.13896406703241115,5214.5,5103.16,0.0,0.0,0,0.0,1.0
2019005,Rex block (polar),,78.6372261395429,41.676766062327154,2019,1,21,2151264,1376847.0,0.6204000000000001,6,2.8173446655273438,1.0907733111821565,5346.2,5296.433333333333,0.0,0.0,0,0.0,1.0
2019006,Ridge,,41.39850997322822,-121.03461914254636,2019,1,22,4236785,2497853.5,0.6766923076923077,14,7.279777526855469,3.6992383323766376,5872.8,5778.907142857142,0.6428571428571429,0.35714285714285715,0,0.0,0.0
2019007,Rex block,,67.3456194657753,-47.32931373155732,2019,1,22,4730553,3613929.4,0.79625,5,2.6247024536132812,1.069865349465134,5398.8,5316.679999999999,0.0,0.0,0,1.0,0.0
2019008,Rex block (polar),,74.36826239285077,-65.60473119154578,2019,1,26,3877566,2234107.285714286,0.6018333333333333,7,1.8951654434204102,0.38711865005620266,5290.2,5228.0,0.0,0.0,0,0.2857142857142857,0.7142857142857143
2019009,Rex block,,72.60583686827684,51.80140439086421,2019,1,28,6052143,3366132.9166666665,0.6493636363636363,12,2.5127053260803223,0.683203981527841,5417.5,5313.566666666667,0.0,0.0,0,0.6666666666666666,0.3333333333333333
2019010,Rex block (polar),,75.4823558559981,-8.773897638587378,2019,1,30,1387939,1021148.25,0.6686666666666667,4,1.6426682472229004,0.621551365102524,5391.0,5299.825,0.0,0.0,0,0.0,1.0
2019011,Ridge,,43.09898479967347,-152.77998063324864,2019,1,31,3072273,1982216.5416666667,0.7112608695652175,24,6.537628173828125,3.920418390305791,5851.8,5769.929166666666,0.7916666666666666,0.20833333333333334,0,0.0,0.0
2019012,Rex block (polar),,71.76709694910652,-58.57640782871809,2019,2,1,3637543,2164264.8333333335,0.6629999999999999,12,3.134775161743164,0.5865763774041836,5418.2,5283.391666666666,0.0,0.0,0,0.5,0.5
2019013,Omega block,,45.78658756944266,2.3949881616537234,2019,2,11,4985387,2668935.238095238,0.7482499999999999,21,6.922507286071777,3.6966717158821054,5859.0,5774.800000000001,0.38095238095238093,0.42857142857142855,0,0.0,0.0
2019014,Rex block,,72.19956626290328,69.13718352387556,2019,2,20,1462971,1116810.25,0.7336666666666667,4,2.3327231407165527,0.7648803801961647,5220.5,5174.375,0.0,0.0,0,1.0,0.0
2019015,Rex block,,57.450269093964174,-145.11319654750451,2019,2,24,2636774,1905911.6,0.65025,5,6.455492973327637,5.378905260280652,5654.5,5641.74,0.0,0.0,0,1.0,0.0
2019016,Rex block,,68.68565083362175,-55.14910968131492,2019,2,26,5729243,2711326.6666666665,0.6336,6,3.8387537002563477,1.353247347247496,5585.8,5358.2,0.0,0.0,0,1.0,0.0
2019017,Rex block,,65.6069551291613,-127.38498949964543,2019,3,2,1352801,1105288.6666666667,0.807,6,4.888808727264404,3.5361410105495925,5605.2,5507.75,0.0,0.0,0,1.0,0.0
2019018,Rex block,,73.3089132378805,-55.99709853656663,2019,3,4,2261080,1701486.5,0.6682,6,2.1287083625793457,0.6231471079784483,5316.8,5216.183333333333,0.0,0.0,0,0.8333333333333334,0.16666666666666666
2019019,Rex block,,68.19687963982291,42.626793811215656,2019,3,4,1901770,1442616.1666666667,0.6096,6,1.0300278663635254,0.40245623170325434,5258.5,5208.833333333333,0.0,0.0,0,1.0,0.0
2019020,Ridge,,41.23734749317315,9.464907966287967,2019,3,7,3339892,1563175.8,0.5715,5,2.3834705352783203,1.4557613970219405,5849.2,5794.64,1.0,0.0,0,0.0,0.0
2019021,Ridge,,43.838218955161985,-21.36539818584206,2019,3,12,10185466,4038277.76,0.7509583333333332,25,6.502890586853027,2.4133189770450834,5848.8,5795.6799999999985,0.44,0.24,0,0.0,0.0
2019022,Ridge,,41.389509985707306,83.08300410079978,2019,3,13,2097195,1524243.2,0.765,5,3.0624985694885254,2.455113416400658,5689.0,5680.4400000000005,1.0,0.0,0,0.0,0.0
2019023,Rex block (polar),,72.8348793286385,-33.934690506403626,2019,3,13,2411021,1573514.4444444445,0.657,9,2.3722290992736816,0.5688745279568774,5359.2,5227.722222222223,0.0,0.0,0,0.4444444444444444,0.5555555555555556
2019024,Rex block,,53.07695770903278,-127.11738705794625,2019,3,15,4933204,2429317.1333333333,0.6955000000000001,15,6.230640411376953,3.9633158425492954,5735.0,5672.673333333335,0.2,0.13333333333333333,0,0.4666666666666667,0.0
2019025,Rex block,,67.03312239832854,-12.691513540320887,2019,3,23,6987866,3727202.4285714286,0.6694,21,4.527747631072998,0.9650531801430705,5664.0,5395.138095238095,0.0,0.0,0,1.0,0.0
2019026,Ridge,,40.664300971337624,83.84019905754147,2019,3,25,5139539,2581576.361111111,0.804342857142857,36,3.908109664916992,2.0659861731311655,5818.8,5763.513888888889,1.0,0.0,0,0.0,0.0
2019027,Rex block,,64.7090515483772,-16.425126353229963,2019,4,3,5319177,3046245.777777778,0.621625,9,3.325331211090088,1.727574921800928,5621.2,5567.588888888889,0.0,0.0,0,1.0,0.0
2019028,Ridge,,39.02145106972994,-96.44348434978642,2019,4,5,2402567,1781863.4,0.737,5,2.7454495429992676,1.5165403041496184,5832.8,5780.64,1.0,0.0,0,0.0,0.0
2019029,Ridge,,38.57316687496457,-142.52593052185819,2019,4,9,1616441,1337303.3333333333,0.7758,6,4.53951358795166,3.0044939118938143,5913.0,5854.05,1.0,0.0,0,0.0,0.0
2019030,Rex block,,65.54526450304401,13.795112436295767,2019,4,10,2970586,1810203.875,0.652142857142857,8,5.0693511962890625,3.1803191536316735,5739.5,5645.75,0.0,0.0,0,1.0,0.0
2019031,Rex block (polar),,79.78139500113662,110.86738354213321,2019,4,13,1597705,1137902.0,0.70575,5,0.9156942367553711,0.1734796205812902,5324.5,5251.16,0.0,0.0,0,0.0,1.0
2019032,Rex block,,60.21355831284644,2.0819714263690954,2019,4,17,8663243,4219781.285714285,0.6134615384615384,14,5.10183572769165,2.723685984237104,5936.2,5728.7357142857145,0.0,0.21428571428571427,0,0.7142857142857143,0.0
2019033,Ridge,,43.94334397078307,-124.41887404950113,2019,4,17,3694970,1897928.7741935484,0.6993333333333335,31,4.280674457550049,2.284175576583726,5867.2,5789.8709677419365,0.7096774193548387,0.16129032258064516,0,0.03225806451612903,0.0
2019034,Rex block (polar),,76.59936752363468,-159.52668545316456,2019,4,17,1958406,1229652.6,0.7562222222222222,10,3.088200092315674,1.2230903126751056,5460.2,5350.9,0.0,0.0,0,0.2,0.8
2019035,Rex block,,56.618055905402116,160.69100867460287,2019,4,18,1390465,971941.0,0.5243333333333333,4,3.6794424057006836,2.7816617032557582,5584.0,5560.25,0.0,0.0,0,1.0,0.0
2019036,Ridge,,42.04279799557069,-19.480946384829394,2019,4,26,1983169,1414287.5555555555,0.7217499999999999,9,3.2166361808776855,1.7238418974895446,5794.5,5762.688888888889,1.0,0.0,0,0.0,0.0
2019037,Rex block (polar),,80.89045159014096,39.70675978315515,2019,4,26,1480802,1025592.5,0.7366666666666667,4,1.4236927032470703,0.12935950016067008,5374.5,5317.25,0.0,0.0,0,0.0,1.0
2019038,Rex block (polar),,73.23390908215204,-79.7399382328323,2019,4,29,6747756,3393542.8333333335,0.5833636363636363,12,3.5167574882507324,0.644763464953942,5688.2,5590.291666666667,0.0,0.0,0,0.16666666666666666,0.8333333333333334
2019039,Ridge,,41.690613871559805,98.43584889099935,2019,5,2,2124295,1352409.8,0.7402500000000001,5,2.0568251609802246,1.531011804597673,5768.5,5751.74,1.0,0.0,0,0.0,0.0
2019040,Omega block,,48.05378656026584,63.11964464412962,2019,5,4,6944876,4453939.923076923,0.8367499999999999,13,4.374372959136963,2.3253114819073137,5846.0,5808.453846153846,0.3076923076923077,0.6923076923076923,0,0.0,0.0
2019041,Rex block,,58.912182303320456,155.16293045162806,2019,5,8,1632047,1358284.2857142857,0.6961666666666666,7,2.8993964195251465,1.927426217711266,5614.5,5588.185714285714,0.0,0.0,0,1.0,0.0
2019042,Rex block (polar),,78.15715993504756,-25.58489209345046,2019,5,9,1663648,1187903.0,0.5990000000000001,4,1.8531560897827148,0.3156852457298947,5613.0,5530.925,0.0,0.0,0,0.0,1.0
2019043,Rex block,,67.47399618075744,-42.95940574410795,2019,5,11,6732401,2908338.8333333335,0.6593636363636364,12,3.6650538444519043,1.0848302814370614,5745.0,5612.558333333333,0.0,0.0,0,0.8333333333333334,0.16666666666666666
2019044,Rex block (hybrid),,53.07577013773399,2.292906118503341,2019,5,12,6638870,3962794.5,0.5562,6,3.691411018371582,2.5049292069338125,5874.0,5832.016666666667,0.16666666666666666,0.3333333333333333,0,0.16666666666666666,0.0
2019045,Rex block,,68.17012562920182,-145.46275491690042,2019,5,13,2266722,1842103.25,0.6893333333333332,4,2.1593213081359863,1.2081731944394793,5549.2,5534.3,0.0,0.0,0,1.0,0.0
2019046,Ridge,,40.76511104560549,-30.25262873357872,2019,5,16,997195,790059.5,0.8293333333333334,4,3.027057647705078,2.3252146136891243,5892.8,5867.325,1.0,0.0,0,0.0,0.0
2019047,Rex block,,65.22192139201128,-66.68158863524472,2019,5,17,6639139,3829818.1428571427,0.6303333333333333,7,2.730286121368408,1.3061693142450597,5699.5,5646.714285714285,0.0,0.0,0,0.8571428571428571,0.14285714285714285
2019048,Ridge,,42.51773705533076,154.5248125010232,2019,5,18,1887559,1276310.7142857143,0.7383333333333333,7,3.8589835166931152,2.7888932814601017,5848.2,5824.599999999999,1.0,0.0,0,0.0,0.0
2019049,Omega block,,46.772631714211514,37.978833615799616,2019,5,18,11127934,4590157.549019608,0.75744,51,3.5515189170837402,1.6174821325837798,5990.2,5865.096078431373,0.45098039215686275,0.5294117647058824,0,0.0,0.0
2019050,Rex block (polar),,82.06051780223507,-91.15719195552086,2019,5,21,1220020,942084.2,0.7887500000000001,5,0.8657455444335938,0.20381505609749068,5585.2,5529.839999999999,0.0,0.0,0,0.0,1.0
2019051,Rex block,,69.22545134897122,-62.782277815078054,2019,5,22,3371370,1605695.1,0.7282631578947368,20,3.3580780029296875,1.3645751419245944,5668.8,5596.4400000000005,0.0,0.0,0,0.8,0.2
2019052,Ridge,,43.58933235738195,-11.16456441867854,2019,5,22,3617677,2032740.0833333333,0.7129090909090909,12,3.0976057052612305,1.848243081533082,5901.8,5869.633333333334,0.6666666666666666,0.3333333333333333,0,0.0,0.0
2019053,Rex block (polar),,80.56879844291257,91.87200671469972,2019,5,23,1605206,1228328.6,0.57475,5,1.5883207321166992,0.3727401042519646,5537.2,5486.9400000000005,0.0,0.0,0,0.0,1.0
2019054,Ridge,,43.910152624453026,-134.30961085869694,2019,5,23,1966691,1232889.5454545454,0.6983999999999999,11,3.841674327850342,2.469458524690087,5911.0,5848.736363636365,0.9090909090909091,0.09090909090909091,0,0.0,0.0
2019055,Rex block,,65.26773402001167,-163.83391099127684,2019,5,23,2408826,1767109.6,0.6332500000000001,5,2.1724462509155273,1.1627948048416181,5641.2,5615.92,0.0,0.0,0,1.0,0.0
2019056,Ridge,,42.755814153052995,153.11269939592276,2019,5,25,2183575,1591689.6666666667,0.7364,6,3.8879871368408203,2.3891280922369647,5840.2,5819.483333333334,1.0,0.0,0,0.0,0.0
2019057,Rex block,,54.31804635786341,-117.67988148176165,2019,5,26,1412731,1286256.75,0.7986666666666666,4,3.589141368865967,3.0546392105052784,5740.0,5729.05,0.0,0.5,0,0.5,0.0
2019058,Rex block (polar),,81.20054136739641,-85.22017956397238,2019,5,27,3924210,2479978.5,0.6766,6,1.7776012420654297,0.2366888991100317,5631.0,5586.516666666666,0.0,0.0,0,0.0,1.0
2019059,Rex block,,68.58761712954532,87.69015706124863,2019,5,28,2853555,1515990.3333333333,0.5964999999999999,9,2.537524700164795,1.0405518488609522,5701.2,5628.9,0.0,0.0,0,0.6666666666666666,0.3333333333333333
2019060,Ridge,,43.94349449885519,-98.7497201524126,2019,5,31,2081206,1257634.9090909092,0.6501,11,3.148484230041504,1.7945855566313398,5894.8,5824.354545454546,1.0,0.0,0,0.0,0.0
2019061,Rex block,,71.35225277088624,-145.3569716964491,2019,6,1,2628907,1718443.1666666667,0.6424,6,2.112865447998047,0.59725056235301,5615.0,5578.533333333333,0.0,0.0,0,0.6666666666666666,0.3333333333333333
2019062,Rex block,,66.84128001245853,-18.026534422854418,2019,6,3,5373910,2905273.9411764704,0.7429375,17,2.7057528495788574,0.7920383277217585,5699.5,5644.700000000001,0.0,0.0,0,1.0,0.0
2019063,Ridge,,48.34486482669702,-35.25787570784768,2019,6,4,5024375,1750261.2222222222,0.644875,9,3.2866835594177246,2.211973897057443,5895.0,5866.022222222222,0.7777777777777778,0.1111111111111111,0,0.0,0.0
2019064,Rex block,,67.7683815498486,-23.1757343856751,2019,6,6,3377163,1791683.6,0.57125,5,2.491748332977295,0.7678130371849189,5714.5,5638.52,0.0,0.0,0,1.0,0.0
2019065,Ridge,,43.79485594617809,100.35920458260276,2019,6,7,1103797,836237.7142857143,0.7229999999999999,7,2.142977714538574,1.4285960830663609,5817.5,5803.1285714285705,1.0,0.0,0,0.0,0.0
2019066,Ridge,,44.40779154242943,-124.40741153826434,2019,6,9,2557646,1675936.9,0.802888888888889,10,3.6411285400390625,2.014345124694514,5923.5,5864.379999999999,1.0,0.0,0,0.0,0.0
2019067,Rex block,,66.38909990228085,-61.631681222000076,2019,6,13,2658506,1483225.4444444445,0.6417499999999999,9,2.3560166358947754,0.9204926415856782,5746.0,5635.988888888888,0.0,0.1111111111111111,0,0.8888888888888888,0.0
2019068,Rex block,,68.76279970975207,-17.862330612651228,2019,6,13,3225189,1881941.8,0.694,5,3.40043306350708,1.988713445579354,5883.8,5746.379999999999,0.0,0.0,0,1.0,0.0
2019069,Rex block,,70.34725071164854,74.31518822836033,2019,6,16,4689218,2894581.0,0.7641,11,2.793896198272705,1.488345287576099,5765.0,5744.927272727274,0.0,0.0,0,1.0,0.0
2019070,Rex block (polar),,76.98357001145216,-10.391710272230945,2019,6,18,753736,704794.25,0.7556666666666668,4,1.880645751953125,1.150367937864321,5514.5,5500.725,0.0,0.0,0,0.0,1.0
2019071,Ridge,,46.05662240491574,102.66776255507489,2019,6,18,3093924,1922665.0,0.6789999999999999,6,2.135908603668213,1.1966098905271634,5848.0,5828.766666666666,0.8333333333333334,0.16666666666666666,0,0.0,0.0
2019072,Rex block,,66.30278513875771,-40.9094569602232,2019,6,20,6764021,2353261.6470588236,0.6245625,17,3.52170467376709,1.2593435396898212,5833.0,5760.217647058824,0.0,0.0,0,0.8235294117647058,0.17647058823529413
2019073,Ridge,,44.156334179047946,-146.47210867119304,2019,6,20,2174361,1319146.6,0.70425,5,2.227950096130371,1.489537436446864,5914.5,5885.46,1.0,0.0,0,0.0,0.0
2019074,Rex block,,58.49110954036907,-133.69283869371262,2019,6,27,6907428,3831201.65,0.7476315789473683,20,3.273630142211914,1.4872189516302496,5906.2,5817.92,0.15,0.3,0,0.45,0.0
2019075,Rex block (polar),,75.7542655961122,-40.24849261387776,2019,6,28,4576625,2625953.9375,0.6974666666666668,16,2.5915026664733887,0.6440723214702941,5781.5,5695.168750000001,0.0,0.0,0,0.25,0.75
2019076,Ridge,,44.64081507738252,-91.63387923131928,2019,6,28,3527165,1927525.0,0.7855,13,2.2765636444091797,1.5815722147947942,5950.8,5892.407692307693,1.0,0.0,0,0.0,0.0
2019077,Ridge,,44.12430214795643,79.07782281967152,2019,6,29,1733092,1507073.2,0.6795,5,1.993393898010254,1.4166789269041415,5868.5,5841.08,1.0,0.0,0,0.0,0.0
2019078,Rex block (polar),,81.41899567991759,-21.8333493468746,2019,6,29,962828,817790.0,0.7616666666666667,4,0.8857965469360352,0.15946448524952467,5631.2,5607.725,0.0,0.0,0,0.0,1.0
2019079,Ridge,,47.56616530866631,-15.306687543192911,2019,7,6,1921987,1258589.6666666667,0.6536249999999999,9,2.7053475379943848,1.9343404758898382,5911.2,5872.044444444445,1.0,0.0,0,0.0,0.0
2019080,Ridge,,45.68875122593133,-98.89718233776333,2019,7,10,1542516,1016405.1111111111,0.814375,9,2.6714086532592773,1.433167147347343,5918.8,5879.622222222221,1.0,0.0,0,0.0,0.0
2019081,Rex block (polar),,81.121380576052,-87.2384298922865,2019,7,11,919752,810950.25,0.8343333333333334,4,0.9184956550598145,0.32363271298968577,5590.2,5572.55,0.0,0.0,0,0.0,1.0
2019082,Rex block,,63.20510145983457,89.76658035643504,2019,7,12,3809064,2359443.6153846155,0.72775,13,3.1148672103881836,1.9228205449597764,5877.2,5826.115384615385,0.0,0.3076923076923077,0,0.6923076923076923,0.0
2019083,Ridge,,52.34214720396116,36.21807927287398,2019,7,16,3998923,2324700.076923077,0.7182500000000002,13,3.68729829788208,1.709028863347809,5942.8,5904.676923076923,0.6153846153846154,0.23076923076923078,0,0.15384615384615385,0.0
2019084,Rex block,,67.88422211517795,-44.550568535212065,2019,7,19,3118878,2508355.4,0.7737499999999999,5,1.9478440284729004,0.8394139274483724,5675.5,5654.780000000001,0.0,0.0,0,1.0,0.0
2019085,Ridge,,46.9375276772696,58.51184898009341,2019,7,20,1854763,1313138.25,0.576,4,1.5549421310424805,0.9690750857703705,5874.8,5857.925,1.0,0.0,0,0.0,0.0
2019086,Rex block,,66.03642448808236,-142.23998338755024,2019,7,21,1833972,1397247.8,0.705,5,3.235602378845215,2.2695125091916273,5775.0,5737.9400000000005,0.0,0.0,0,1.0,0.0
2019087,Ridge,,48.13693689199837,-110.51985407465907,2019,7,21,2248580,1231690.875,0.6162857142857143,8,2.657461166381836,1.4680544284278523,5947.8,5879.6375,1.0,0.0,0,0.0,0.0
2019088,Rex block (polar),,78.7168271007835,-76.94813710138996,2019,7,24,2949371,1928682.8,0.5515,5,1.8358230590820312,0.3448187930340053,5782.2,5700.52,0.0,0.0,0,0.0,1.0
2019089,Rex block (polar),,76.24391750864612,-12.70350730598064,2019,7,28,4857664,2846040.5,0.601,4,2.7376294136047363,0.3038288689146831,5859.8,5786.375,0.0,0.0,0,0.25,0.75
2019090,Rex block,,72.46587406831388,-55.97827770595135,2019,7,29,4280434,2915098.619047619,0.708,21,2.7397751808166504,1.0885625801695225,5868.5,5722.323809523809,0.0,0.0,0,0.6190476190476191,0.38095238095238093
2019091,Omega block,,54.60470639073379,-104.58151404259286,2019,7,29,11290876,3215681.814814815,0.7365,27,3.5675048828125,1.6949764066600888,5974.0,5869.303703703704,0.3333333333333333,0.48148148148148145,0,0.14814814814814814,0.0
2019092,Ridge,,48.89185425867966,-102.06345081217397,2019,8,1,1452107,1152890.25,0.831,4,1.9958019256591797,1.4448135693464996,5887.8,5882.625,1.0,0.0,0,0.0,0.0
2019093,Rex block (polar),,76.26338801949632,23.778290288783435,2019,8,3,2635652,1984309.8,0.7165,5,1.257920265197754,0.3534212336202277,5680.0,5630.6,0.0,0.0,0,0.0,1.0
2019094,Omega block,,61.55262845292473,108.26906652722951,2019,8,5,1496134,1020821.2,0.5812499999999999,5,3.2640576362609863,2.4313472112019854,5835.0,5815.24,0.0,1.0,0,0.0,0.0
2019095,Rex block,,70.22101576894954,65.53435317203693,2019,8,7,5914307,2730940.7,0.6323333333333333,10,2.5410890579223633,1.0405264203723494,5786.5,5740.180000000001,0.0,0.2,0,0.8,0.0
2019096,Ridge,,49.50234615100265,36.11037352444847,2019,8,11,1224576,939194.3333333334,0.607,6,2.6036858558654785,2.0366326255930796,5912.5,5892.583333333333,1.0,0.0,0,0.0,0.0
2019097,Rex block,,68.94721266226342,-92.36297824189423,2019,8,18,1138792,892079.25,0.6829999999999999,4,2.4247169494628906,1.4726491596784208,5718.5,5664.4,0.0,0.0,0,1.0,0.0
2019098,Omega block,,51.26141958026659,29.966370309562347,2019,8,18,7027143,4344582.785714285,0.8234615384615385,14,3.743469715118408,1.8448033578990461,5953.8,5896.792857142857,0.35714285714285715,0.6428571428571429,0,0.0,0.0
2019099,Ridge,,47.9285259983252,-103.79816058258037,2019,8,20,2365019,1347967.8,0.5645000000000001,5,2.734196186065674,1.5791367205544034,5898.5,5882.26,1.0,0.0,0,0.0,0.0
2019100,Rex block,,66.79330047126608,61.67883146288042,2019,8,29,2982365,1742665.5,0.7066363636363637,12,2.898895740509033,1.496254552544647,5833.8,5729.341666666667,0.0,0.08333333333333333,0,0.9166666666666666,0.0
2019101,Rex block (polar),,77.44782769772623,-62.76753496666113,2019,8,30,3013887,1882510.4285714286,0.7318333333333333,7,1.6552925109863281,0.4796624231137433,5613.0,5555.728571428571,0.0,0.0,0,0.14285714285714285,0.8571428571428571
2019102,Rex block,,70.79184493194175,-169.89231764308767,2019,8,30,1171496,1006701.0,0.668,4,1.8335700035095215,0.77756793738645,5623.2,5578.400000000001,0.0,0.0,0,1.0,0.0
2019103,Ridge,,49.30015109586679,-26.40132138892135,2019,9,4,1509463,1335028.75,0.7236666666666668,4,2.646005153656006,2.0905440825003163,5925.8,5905.325,1.0,0.0,0,0.0,0.0
2019104,Ridge,,51.08485516840183,8.19691350250763,2019,9,9,4002510,2056878.8461538462,0.7381666666666667,13,3.8735389709472656,2.2941369370788407,5960.8,5883.299999999999,0.6153846153846154,0.38461538461538464,0,0.0,0.0
2019105,Rex block (polar),,77.4429231847268,-26.52984302311681,2019,9,12,4936029,2351557.3333333335,0.6862682926829269,42,2.9456496238708496,0.5299901328858707,5618.5,5474.128571428572,0.0,0.0,0,0.2619047619047619,0.7380952380952381
2019106,Ridge,,48.92509416360365,-86.21037494099085,2019,9,16,1355051,1012302.6666666666,0.5796,6,3.180539608001709,2.352267461542246,5868.5,5855.416666666667,1.0,0.0,0,0.0,0.0
2019107,Ridge,,48.36177559317431,99.7478063449796,2019,9,20,1778220,1124447.5,0.8006,6,3.700077533721924,2.6849532145175456,5856.2,5830.2,1.0,0.0,0,0.0,0.0
2019108,Rex block,,70.03956215773783,-22.32210617945129,2019,9,21,2812918,1883898.0,0.67575,13,4.233896732330322,1.9780216095501464,5784.0,5662.115384615385,0.0,0.0,0,0.8461538461538461,0.15384615384615385
2019109,Ridge,,49.606290942041944,-152.2887901200291,2019,9,26,1127888,893599.25,0.5693333333333334,4,3.9878249168395996,3.2949223118734032,5913.5,5882.125,1.0,0.0,0,0.0,0.0
2019110,Rex block,,58.96706541815858,-118.6722758466637,2019,9,29,1239594,883224.0,0.8013333333333333,4,2.830934524536133,2.047392362820787,5719.8,5671.7,0.0,0.0,0,1.0,0.0
2019111,Ridge,,51.92968143929206,67.61752293374647,2019,10,4,2295610,1483943.25,0.5476666666666666,4,3.6643028259277344,2.6922201987027856,5797.8,5784.724999999999,0.75,0.25,0,0.0,0.0
2019112,Ridge,,48.601933129179535,-160.12307771741396,2019,10,4,2368507,1551595.3333333333,0.5284,6,3.056168556213379,2.114827164606041,5846.2,5819.283333333333,1.0,0.0,0,0.0,0.0
2019113,Rex block (polar),,74.56259045248336,-5.3863332069650856,2019,10,8,2940283,2558618.5,0.7559999999999999,4,2.1294474601745605,0.7287079495213427,5540.8,5488.125,0.0,0.0,0,0.0,1.0
2019114,Ridge,,47.6223400687496,-63.95304046606994,2019,10,9,2681395,1713672.0,0.65675,5,4.395711421966553,2.876691602474032,5868.8,5825.46,1.0,0.0,0,0.0,0.0
2019115,Rex block,,69.92271701636754,-19.65608694320238,2019,10,14,1125130,891066.8333333334,0.6532,6,1.7595171928405762,0.8467343340178672,5542.5,5466.366666666666,0.0,0.0,0,0.8333333333333334,0.16666666666666666
2019116,Ridge,,47.65083125316241,27.87693714813953,2019,10,14,3355655,2286844.7333333334,0.817642857142857,15,3.917539119720459,2.1110577923219696,5874.0,5825.533333333334,1.0,0.0,0,0.0,0.0
2019117,Rex block (polar),,82.4860885476768,31.268674220507986,2019,10,25,1914917,1068166.3076923077,0.7148333333333333,13,1.1371850967407227,0.1718992356835344,5334.0,5254.484615384616,0.0,0.0,0,0.0,1.0
2019118,Ridge,,46.76748520571698,-132.32633966838623,2019,10,26,3951481,1881393.4444444445,0.7405882352941175,18,5.344963073730469,3.6492025101623673,5885.0,5841.066666666667,0.7222222222222222,0.2777777777777778,0,0.0,0.0
2019119,Ridge,,42.93665929960132,93.24871994532434,2019,10,31,1120530,790897.6,0.7845000000000001,5,2.6329874992370605,1.9231295905082053,5757.8,5750.36,1.0,0.0,0,0.0,0.0
2019120,Rex block,,67.45372013187941,-2.069852807444435,2019,11,1,6363100,2786182.1428571427,0.6437000000000002,21,4.286539554595947,1.4823500532901992,5587.8,5456.7380952380945,0.0,0.0,0,0.9047619047619048,0.09523809523809523
2019121,Ridge,,42.936459952674205,-39.34931975433827,2019,11,3,731141,621885.5,0.6593333333333333,4,4.022085666656494,3.1827806083379837,5886.5,5857.175,1.0,0.0,0,0.0,0.0
2019122,Ridge,,47.01823422184595,45.451060001786615,2019,11,4,5398110,3045571.1764705884,0.7063124999999998,17,5.359864234924316,2.945781428684764,5848.0,5806.658823529411,0.5294117647058824,0.47058823529411764,0,0.0,0.0
2019123,Rex block (polar),,74.20301025038917,-26.519174091225395,2019,11,9,2855292,2183373.8333333335,0.6466,6,1.7994046211242676,0.6595934100954642,5401.2,5366.516666666666,0.0,0.0,0,0.5,0.5
2019124,Ridge,,44.11031891122241,-34.287505567655714,2019,11,13,1292204,880170.25,0.6733333333333333,4,4.795050621032715,3.4916197546781635,5851.2,5828.55,1.0,0.0,0,0.0,0.0
2019125,Rex block,,66.09592150388909,-1.4125344547417966,2019,11,19,4725825,2208294.0,0.55025,5,4.668283462524414,1.8101145929973754,5730.0,5575.66,0.0,0.2,0,0.8,0.0
2019126,Rex block (polar),,82.03205660227678,126.54995224831674,2019,11,21,957388,707834.25,0.7213333333333334,4,0.81024169921875,0.25924909801276075,5176.2,5129.775,0.0,0.0,0,0.0,1.0
2019127,Rex block,,65.82039528691823,-34.729412024278226,2019,11,24,2625340,2164142.6,0.8167499999999999,5,3.1905531883239746,1.9906019272325217,5561.5,5530.68,0.0,0.0,0,1.0,0.0
2019128,Rex block,,59.16353968349848,-123.61764274899441,2019,11,26,2276463,1242638.3333333333,0.5408000000000001,6,3.987860679626465,2.307745766655676,5622.2,5537.666666666667,0.0,0.0,0,1.0,0.0
2019129,Rex block,,72.71606303450328,-44.52211628948314,2019,11,29,2673647,1383946.6,0.496,5,2.340233325958252,1.179052572030067,5316.5,5231.64,0.0,0.0,0,0.6,0.4
2019130,Ridge,,44.45561503306093,-8.898225499282299,2019,12,3,4791318,2364120.4285714286,0.5971666666666667,7,4.719662666320801,2.4449897011694515,5878.0,5828.157142857142,0.7142857142857143,0.0,0,0.0,0.0
2019131,Ridge,,41.534208980175265,79.30826189191116,2019,12,3,2356565,1418511.7142857143,0.786,7,3.8604378700256348,2.1003625835193978,5746.2,5722.885714285714,1.0,0.0,0,0.0,0.0
2019132,Rex block (polar),,81.04908526611173,-66.11403055376711,2019,12,4,3990115,1949804.8333333333,0.6044,6,1.7760634422302246,0.3269561612978587,5298.5,5255.75,0.0,0.0,0,0.0,1.0
2019133,Rex block (polar),,74.70387404274042,-111.02172364349002,2019,12,8,3559494,2786402.888888889,0.6808749999999999,9,5.694127082824707,0.8840546583956955,5524.5,5395.4111111111115,0.0,0.0,0,0.0,1.0
2019134,Rex block (polar),,77.52425317743376,-15.314347327843972,2019,12,13,2002366,1316618.75,0.5796666666666667,4,2.954280376434326,0.6311413202245161,5351.8,5281.25,0.0,0.0,0,0.0,1.0
2019135,Ridge,,42.24829160543929,30.019078354460547,2019,12,15,3173133,1840835.125,0.6647142857142858,8,4.711639881134033,2.3987004681799986,5835.8,5772.45,1.0,0.0,0,0.0,0.0
2019136,Rex block (polar),,78.50187059673551,-5.726931283579861,2019,12,16,5758030,2605434.6666666665,0.6726363636363636,12,3.086841106414795,0.5237737343021541,5357.5,5300.525,0.0,0.0,0,0.08333333333333333,0.9166666666666666
2019137,Rex block,,67.42123030962821,-52.808508198993366,2019,12,16,3300241,1970973.5,0.48533333333333334,4,3.2704591751098633,1.9926162945068646,5392.2,5356.325,0.0,0.0,0,0.75,0.25
2019138,Ridge,,41.191109003034946,-93.92149655305892,2019,12,21,1789632,1305251.0,0.9346666666666668,4,3.1072020530700684,2.6010583512293612,5783.0,5775.25,1.0,0.0,0,0.0,0.0
2019139,Rex block,,68.67708127545498,-44.426487971950735,2019,12,25,2002369,1216293.75,0.611,4,2.0210981369018555,0.5082761422082415,5364.8,5293.275,0.0,0.0,0,1.0,0.0
2019140,Omega block,,45.22496302245029,2.333156645804855,2019,12,25,6127785,3484426.8333333335,0.6932941176470588,18,4.847609996795654,3.022370970191723,5880.2,5819.383333333333,0.2777777777777778,0.5,0,0.0,0.0
2019141,Rex block,,62.180946899414614,-13.489194774015111,2019,12,26,2412292,1896442.75,0.48299999999999993,4,3.0860066413879395,1.8880833595088033,5327.8,5308.5,0.0,0.0,0,1.0,0.0
2020001,Rex block,,73.2943498066307,-161.99178556702407,2020,1,1,3416986,1953477.0,0.6822,6,2.9691576957702637,1.3746313993013402,5377.5,5275.7,0.0,0.0,0,0.8333333333333334,0.16666666666666666
2020002,Rex block,,65.29276836771845,50.826252170138126,2020,1,6,1734598,1248264.3333333333,0.6074,6,2.916848659515381,1.0131644204735064,5319.0,5278.133333333333,0.0,0.0,0,1.0,0.0
2020003,Rex block (polar),,79.76074583881723,-52.18372321131371,2020,1,7,3053457,1644099.3636363635,0.7053,11,1.815199851989746,0.31278061195497103,5276.0,5130.599999999999,0.0,0.0,0,0.0,1.0
2020004,Ridge,,45.832823057500505,11.57173622259331,2020,1,10,6969339,3426109.3529411764,0.6930624999999999,17,6.560146808624268,2.4318902321038527,5905.2,5776.470588235294,0.47058823529411764,0.058823529411764705,0,0.058823529411764705,0.0
2020005,Ridge,,42.64685950122376,-159.05007897435922,2020,1,11,2199566,1604851.4,0.6535,5,5.018186569213867,3.8766389167728144,5885.5,5854.34,1.0,0.0,0,0.0,0.0
2020006,Rex block,,67.9095971412064,-126.79585729791648,2020,1,13,1803869,1195282.5,0.6783333333333333,4,3.312063217163086,2.357037775809803,5364.5,5338.425,0.0,0.0,0,1.0,0.0
2020007,Rex block (polar),,80.66072810288341,-49.85372287806167,2020,1,19,3443875,1802503.875,0.7718571428571429,8,4.141807556152344,0.3735126585581665,5412.2,5193.200000000001,0.0,0.0,0,0.0,1.0
2020008,Ridge,,40.95257140376331,-116.58908452676118,2020,1,23,692180,611905.25,0.6093333333333333,4,3.4087419509887695,2.9540124460302217,5721.2,5698.55,1.0,0.0,0,0.0,0.0
2020009,Rex block,,61.06541739878249,-4.5156664826447,2020,1,23,2824002,2043588.0,0.6748000000000001,6,3.1934261322021484,2.09540947719427,5350.2,5340.783333333334,0.0,0.0,0,1.0,0.0
2020010,Rex block (polar),,74.71646253691115,-14.123742765611178,2020,1,25,1756017,1317429.0,0.54275,5,2.2739171981811523,1.0170231940711354,5283.5,5219.9400000000005,0.0,0.0,0,0.0,1.0
2020011,Ridge,,40.702239940834374,1.1641766769374267,2020,1,29,3120386,2266485.1666666665,0.6898,6,4.321038722991943,2.7842945339292413,5902.0,5801.2,1.0,0.0,0,0.0,0.0
2020012,Ridge,,41.330077996999385,-138.2038569002374,2020,2,2,3762958,1529935.0714285714,0.7142307692307692,14,5.904936790466309,3.731544538621443,5857.0,5816.6285714285705,1.0,0.0,0,0.0,0.0
2020013,Rex block (polar),,76.55577370898835,30.10123816043303,2020,2,4,3376865,2049561.4285714286,0.6868333333333333,7,3.3536553382873535,1.117934330316568,5284.5,5235.557142857142,0.0,0.0,0,0.2857142857142857,0.7142857142857143
2020014,Ridge,,45.89292820083741,-1.5036643785921147,2020,2,4,4195314,3089064.5,0.6748000000000001,6,6.3945770263671875,3.4794954076202127,5883.5,5794.833333333333,0.8333333333333334,0.16666666666666666,0,0.0,0.0
2020015,Rex block (polar),,79.25794582430602,-70.78640952751245,2020,2,8,2560365,1925545.4,0.5805,5,2.394700050354004,0.4705356342627141,5237.5,5197.2,0.0,0.0,0,0.0,1.0
2020016,Rex block,,66.43161326744746,27.74439785954945,2020,2,9,3732902,2257612.25,0.6689999999999999,8,2.4782776832580566,1.0044402623068374,5373.0,5292.625,0.0,0.0,0,1.0,0.0
2020017,Rex block (polar),,78.03149923664435,-67.47158543825893,2020,2,13,2756080,1740455.625,0.6794285714285714,8,1.2869477272033691,0.4448593256692364,5208.2,5100.675,0.0,0.0,0,0.0,1.0
2020018,Ridge,,43.636246349359716,10.106619834127544,2020,2,14,4777171,2775476.8333333335,0.5616,6,4.502809047698975,1.9955055919218718,5828.8,5805.7,0.8333333333333334,0.16666666666666666,0,0.0,0.0
2020019,Ridge,,43.171506703297766,75.36751368615889,2020,2,19,2333481,1256970.25,0.7723333333333334,4,2.7829408645629883,2.279593363040831,5753.5,5726.625,1.0,0.0,0,0.0,0.0
2020020,Ridge,,43.378125851166125,-5.452854816523403,2020,2,20,1578532,1269047.8,0.803,5,3.9785265922546387,2.6885240408237423,5872.8,5812.36,1.0,0.0,0,0.0,0.0
2020021,Rex block,,64.11159277336202,74.24636194509915,2020,2,24,4003962,2517816.5555555555,0.66625,9,3.201150894165039,1.2722118502857307,5462.0,5379.200000000001,0.0,0.0,0,1.0,0.0
2020022,Ridge,,44.65375089837154,44.28066699954753,2020,3,4,4704148,2455294.7,0.6524444444444444,10,3.5220980644226074,1.868530220982843,5814.5,5728.81,0.7,0.2,0,0.0,0.0
2020023,Rex block (hybrid),,47.96649222459192,-143.937270580411,2020,3,9,5047841,2481471.4,0.6307777777777779,10,6.044578552246094,3.184145855019028,5815.2,5754.749999999999,0.3,0.2,0,0.1,0.0
2020024,Ridge,,43.14060100959898,83.01592402774962,2020,3,13,3256036,1505548.2857142857,0.7058333333333334,7,3.821885585784912,2.50477810308294,5721.8,5695.471428571429,1.0,0.0,0,0.0,0.0
2020025,Rex block (polar),,78.88721489761744,-75.07730532430284,2020,3,16,1666999,1186080.4,0.699,5,1.703047752380371,0.5059277256778918,5200.2,5172.52,0.0,0.0,0,0.0,1.0
2020026,Ridge,,44.87895414826524,7.281684966191021,2020,3,16,5885608,3572654.6,0.57175,5,2.8814196586608887,1.6131474385649642,5781.5,5735.14,0.8,0.2,0,0.0,0.0
2020027,Ridge,,44.930071665693085,-159.60996407301147,2020,3,18,6726333,3320692.4166666665,0.7335454545454546,12,5.110073089599609,3.4783166511083152,5907.0,5848.433333333333,0.6666666666666666,0.08333333333333333,0,0.0,0.0
2020028,Rex block,,53.328952532087214,-18.139288853598835,2020,3,21,6528385,4058554.8,0.6778571428571427,15,5.373597145080566,2.4566110178941183,5829.5,5726.653333333333,0.0,0.0,0,0.6,0.0
2020029,Ridge,,43.13515436869518,-153.94999991426022,2020,3,31,3838476,2121425.285714286,0.6193333333333334,7,3.864896297454834,2.551140933081192,5809.8,5768.5,0.5714285714285714,0.0,0,0.0,0.0
2020030,Ridge,,42.559927259595234,86.51184494388194,2020,4,3,6691188,3750105.242424242,0.8011875000000002,33,4.878020286560059,2.010160206974983,5824.8,5765.193939393938,0.8787878787878788,0.06060606060606061,0,0.0,0.0
2020031,Rex block,,69.62610825301061,-76.48780586935794,2020,4,4,3380597,1894587.6666666667,0.748,9,3.7570834159851074,2.0066570466866693,5597.8,5490.955555555556,0.0,0.0,0,1.0,0.0
2020032,Rex block (hybrid),,46.594663362229554,-0.32725280951750424,2020,4,5,7050752,4970462.5,0.6885714285714285,8,5.146276950836182,2.7412846805778077,5853.2,5772.8375,0.0,0.5,0,0.0,0.0
2020033,Rex block,,58.29733884196096,129.24867028641452,2020,4,6,2477375,1912843.5,0.5113333333333333,4,3.9609313011169434,2.235949075583256,5666.0,5595.2,0.0,0.0,0,1.0,0.0
2020034,Ridge,,46.39064312640805,-137.48755265630163,2020,4,7,6373746,3349223.4615384615,0.7221666666666667,13,5.307185649871826,3.4707882746817567,5872.0,5778.5615384615385,0.38461538461538464,0.3076923076923077,0,0.15384615384615385,0.0
2020035,Rex block,,56.805658091187595,-8.541604088073807,2020,4,13,3617538,2354600.7,0.5783333333333334,10,5.90822696685791,4.036448852602868,5840.5,5734.609999999999,0.0,0.1,0,0.8,0.0
2020036,Rex block,,65.3136381955393,-82.22478246973711,2020,4,17,5698012,2695638.32,0.6472083333333333,25,4.982280731201172,1.566971540954014,5813.2,5559.96,0.08,0.0,0,0.84,0.04
2020037,Ridge,,39.19642617713776,-121.39240450076895,2020,4,21,1425789,1015996.5714285715,0.5615,7,4.69362735748291,2.3033935490724318,5889.0,5832.257142857144,1.0,0.0,0,0.0,0.0
2020038,Ridge,,41.17213846332786,-30.31540461583767,2020,4,22,6241149,2155511.6,0.71425,5,4.8168182373046875,2.102147363733258,5856.2,5818.54,0.8,0.2,0,0.0,0.0
2020039,Rex block (polar),,82.54154714716768,54.61548513830462,2020,4,23,977843,733431.75,0.625,4,0.8796811103820801,0.14297793590589009,5396.0,5332.55,0.0,0.0,0,0.0,1.0
2020040,Rex block,,70.06024742562872,-6.023507500257288,2020,4,26,4319835,2498989.8333333335,0.5982000000000001,6,4.142916202545166,1.5045983006774406,5615.0,5536.850000000001,0.0,0.0,0,0.8333333333333334,0.16666666666666666
2020041,Ridge,,41.388548462083016,-109.82551213078995,2020,4,28,1237934,875724.0,0.62,6,3.477346897125244,2.6846747005025953,5870.0,5820.0,1.0,0.0,0,0.0,0.0
2020042,Rex block,,60.37030265113468,-38.745653413384034,2020,5,3,3977255,2514444.625,0.6487142857142857,8,3.117191791534424,1.5568564936061757,5716.5,5658.025,0.0,0.0,0,1.0,0.0
2020043,Ridge,,42.06402779711129,9.322800171015114,2020,5,4,2142350,1142282.25,0.6724285714285715,8,2.9540538787841797,2.0070291015951347,5845.0,5819.262500000001,1.0,0.0,0,0.0,0.0
2020044,Ridge,,43.033017164272856,83.10728555689305,2020,5,9,5033192,1899760.2,0.7357777777777778,10,3.448045253753662,1.6740375485347556,5804.8,5778.21,1.0,0.0,0,0.0,0.0
2020045,Rex block (polar),,62.91488948469813,-18.07214321848871,2020,5,10,11911929,3180490.9625,0.7049873417721516,80,4.397726058959961,1.526542375704911,5951.2,5781.552500000001,0.1375,0.1875,0,0.3,0.325
2020046,Ridge,,56.702802628555425,32.36157195106657,2020,5,12,8200045,4020541.7333333334,0.7243793103448276,30,3.5262107849121094,1.735524628159476,5930.0,5810.5199999999995,0.36666666666666664,0.26666666666666666,0,0.1,0.26666666666666666
2020047,Ridge,,40.60492295309691,33.71437179399211,2020,5,12,1341171,1013922.5,0.8091999999999999,6,2.3848533630371094,1.6669136434117238,5916.8,5868.316666666667,1.0,0.0,0,0.0,0.0
2020048,Rex block,,67.93529978871254,-46.00487129427779,2020,5,14,4053749,1939523.5714285714,0.6925,7,3.925025463104248,1.9144500986634632,5567.0,5532.685714285714,0.0,0.0,0,0.8571428571428571,0.14285714285714285
2020049,Ridge,,43.50845026188087,-90.59320195098904,2020,5,15,6931537,2669490.8,0.7411052631578948,20,3.9388418197631836,2.0595096996918953,5920.5,5852.38,0.9,0.05,0,0.0,0.0
2020050,Ridge,,41.46221069880827,-135.46995546447718,2020,5,20,1625857,1182724.857142857,0.7016666666666667,7,2.551710605621338,1.71377412748204,5852.5,5834.099999999999,1.0,0.0,0,0.0,0.0
2020051,Rex block (polar),,76.04972246975416,-27.472695686845476,2020,5,21,2510300,1024724.4545454546,0.6868,11,2.2717714309692383,0.3450892678296064,5643.5,5487.036363636363,0.0,0.0,0,0.2727272727272727,0.7272727272727273
2020052,Rex block,,70.91855491618851,-147.63474066381934,2020,5,21,4085861,2684779.5714285714,0.7597499999999999,21,2.9001474380493164,1.0558427983619414,5665.0,5591.328571428572,0.0,0.0,0,0.9523809523809523,0.047619047619047616
2020053,Rex block (polar),,78.73114012917311,98.36503026448233,2020,5,29,1960884,1527992.75,0.59,4,2.03859806060791,0.365314610359831,5637.2,5543.55,0.0,0.0,0,0.0,1.0
2020054,Rex block,,68.01741897281295,24.42705329363286,2020,6,2,2341995,1781922.4,0.6705,5,2.0869851112365723,0.9028653685820307,5705.5,5632.28,0.0,0.0,0,1.0,0.0
2020055,Rex block,,65.47021591315453,16.574545543136125,2020,6,6,7253579,3330489.592592593,0.7045769230769232,27,3.851318359375,1.4909193335241786,5847.8,5713.837037037035,0.0,0.1111111111111111,0,0.8888888888888888,0.0
2020056,Rex block,,66.71147697616004,-137.79741973579274,2020,6,9,1450717,1344554.0,0.7394999999999999,5,1.778709888458252,0.9148895915123457,5661.2,5604.4400000000005,0.0,0.0,0,1.0,0.0
2020057,Rex block (polar),,81.10826508949873,-58.25760171381485,2020,6,10,1344710,896071.25,0.7784285714285714,8,1.1759281158447266,0.38918511139584155,5550.2,5506.7125,0.0,0.0,0,0.0,1.0
2020058,Ridge,,45.523013278488705,-69.90287882634927,2020,6,11,6075010,2576260.888888889,0.7706470588235295,18,2.8534770011901855,1.4995508168687497,5937.2,5883.827777777777,0.9444444444444444,0.05555555555555555,0,0.0,0.0
2020059,Rex block,,64.08042870513947,-94.66405079259117,2020,6,17,1282027,799958.0,0.6808,11,2.959752082824707,1.7767562156534646,5756.5,5714.581818181818,0.0,0.0,0,1.0,0.0
2020060,Ridge,,48.79869861002346,13.000547669837367,2020,6,20,6028491,3119323.111111111,0.6545,9,3.927290439605713,1.7238803645750898,5901.0,5871.599999999999,0.5555555555555556,0.4444444444444444,0,0.0,0.0
2020061,Ridge,,44.12976406337076,-118.586681174579,2020,6,21,2802813,1901519.142857143,0.7145,7,2.931845188140869,1.7639088612185845,5947.2,5895.628571428571,1.0,0.0,0,0.0,0.0
2020062,Ridge,,50.82296356711138,-99.04129475414119,2020,6,27,4221458,2266888.052631579,0.7389999999999999,19,3.081989288330078,1.6994679428700536,5989.8,5886.057894736842,0.5789473684210527,0.3157894736842105,0,0.05263157894736842,0.0
2020063,Ridge,,48.80248056678758,-85.97784931817061,2020,6,29,5987941,2324526.3076923075,0.7213333333333333,13,3.1031250953674316,1.4098250751506145,5902.8,5873.307692307692,0.7692307692307693,0.07692307692307693,0,0.0,0.0
2020064,Omega block,,51.62241136561124,52.763256625271765,2020,7,2,5001902,2680888.470588235,0.7634999999999998,17,3.6095380783081055,1.4708733636397946,5898.8,5863.15294117647,0.35294117647058826,0.6470588235294118,0,0.0,0.0
2020065,Ridge,,46.08778533187751,-20.010838588687804,2020,7,5,1860345,1480294.25,0.6746666666666666,4,1.6524314880371094,1.323803250601159,5935.0,5913.55,1.0,0.0,0,0.0,0.0
2020066,Ridge,,47.88539994492098,-24.154615600612555,2020,7,12,3603730,1563498.6363636365,0.7033,11,2.2794365882873535,1.2138861243388241,5969.0,5892.681818181818,1.0,0.0,0,0.0,0.0
2020067,Rex block (polar),,80.37193564265152,-17.242355160705408,2020,7,16,953084,778764.0,0.9046666666666666,4,0.5203008651733398,0.09468438298108918,5592.5,5565.125,0.0,0.0,0,0.0,1.0
2020068,Rex block (polar),,64.84624829264516,50.0842892422662,2020,7,18,5919102,3026959.1923076925,0.7046000000000001,26,2.830946445465088,1.4023483832153938,5908.2,5807.765384615384,0.15384615384615385,0.2692307692307692,0,0.2692307692307692,0.3076923076923077
2020069,Ridge,,48.466378513631746,-150.51731071962294,2020,7,21,1503456,1001240.5,0.7076666666666668,4,2.3421168327331543,1.7000042044796706,5892.8,5883.625,1.0,0.0,0,0.0,0.0
2020070,Ridge,,50.66612008689663,126.81657835493391,2020,7,23,1513218,1132295.2857142857,0.7408333333333333,7,2.5655627250671387,1.7575481163416684,5867.5,5851.3,1.0,0.0,0,0.0,0.0
2020071,Ridge,,51.279655631049906,-114.44537318493362,2020,7,26,3470327,1907863.3333333333,0.69175,9,2.842569351196289,1.9338302642928857,5919.5,5892.799999999999,0.7777777777777778,0.0,0,0.0,0.0
2020072,Rex block (polar),,80.52637956801267,-15.419023111272102,2020,8,1,2854856,1451614.923076923,0.656,13,1.6620993614196777,0.39873563742620743,5704.5,5633.1461538461535,0.0,0.0,0,0.0,1.0
2020073,Rex block,,64.63664336362767,101.72569434698804,2020,8,6,1837672,1245001.0,0.7305,5,1.978135108947754,1.1996780704049503,5763.5,5750.14,0.0,0.0,0,1.0,0.0
2020074,Rex block,,70.63988175854975,-43.56314447943427,2020,8,13,2034938,1343184.8,0.507,5,2.7095675468444824,1.2407935269043786,5742.5,5718.1,0.0,0.0,0,0.6,0.4
2020075,Rex block,,67.96120075643134,-145.13342527479125,2020,8,14,1463425,1072784.1,0.7353333333333334,10,2.1716833114624023,1.4339123148191248,5706.2,5669.83,0.0,0.0,0,1.0,0.0
2020076,Ridge,,49.42068488797137,-115.04677799887509,2020,8,15,1373457,1038756.0,0.716,5,2.9239773750305176,2.29043282245534,5938.5,5909.16,1.0,0.0,0,0.0,0.0
2020077,Rex block,,67.8777731147268,-38.70522515664787,2020,8,16,2559244,1852056.3,0.7214444444444447,10,2.7181386947631836,1.377329837560124,5779.5,5667.58,0.0,0.0,0,1.0,0.0
2020078,Rex block (polar),,82.6292059778147,-161.83522968114875,2020,8,17,1361842,1061146.5,0.8686666666666666,4,0.9263396263122559,0.1181197999923285,5630.8,5615.875,0.0,0.0,0,0.0,1.0
2020079,Rex block (polar),,74.41722976837909,31.973843037800833,2020,8,18,2119155,1412216.625,0.6935714285714286,8,2.5726914405822754,0.8847419709590818,5771.2,5644.1625,0.0,0.125,0,0.25,0.625
2020080,Rex block (polar),,78.16876277537251,-28.003878106397412,2020,8,22,3759915,2563372.4285714286,0.7533846153846154,14,1.5977025032043457,0.45875610369792624,5648.5,5601.778571428571,0.0,0.0,0,0.0,1.0
2020081,Rex block,,68.16328048915396,-62.48039994638068,2020,8,26,2127439,1327917.25,0.6833333333333332,4,1.4312386512756348,0.6097197875463454,5635.5,5584.25,0.0,0.0,0,1.0,0.0
2020082,Ridge,,51.73092000250231,49.31274530589967,2020,8,30,3334468,2103205.5714285714,0.7788333333333334,7,3.6829233169555664,1.6646338167323733,5889.2,5860.442857142857,1.0,0.0,0,0.0,0.0
2020083,Rex block,,69.99003112805052,78.51437953669594,2020,9,3,1743017,1144201.625,0.7792857142857142,8,2.2809982299804688,1.1631930120505107,5722.8,5674.25,0.0,0.0,0,1.0,0.0
2020084,Ridge,,49.294227205630264,-131.65655078424524,2020,9,4,2849394,1627425.0,0.784375,9,4.713070392608643,2.8227345111935502,5994.2,5930.477777777778,1.0,0.0,0,0.0,0.0
2020085,Ridge,,49.915154370970136,-3.6213637002243866,2020,9,4,4301826,2356123.722222222,0.7132941176470587,18,4.527294635772705,2.1427408440348303,5994.8,5908.2444444444445,0.8888888888888888,0.1111111111111111,0,0.0,0.0
2020086,Ridge,,53.54450315466316,123.151788972687,2020,9,7,1862815,1285501.7142857143,0.6758333333333333,7,3.277003765106201,2.349911479003341,5856.0,5813.614285714286,0.5714285714285714,0.42857142857142855,0,0.0,0.0
2020087,Rex block,,72.71133599563652,-9.698041904285352,2020,9,9,2290253,1551880.0,0.7397777777777778,10,1.9426465034484863,0.8089223139439794,5676.2,5580.09,0.0,0.0,0,0.7,0.3
2020088,Rex block,,64.57164179309085,110.26305838351067,2020,9,11,1682255,1197967.7777777778,0.643625,9,2.8948426246643066,1.899768301685737,5710.8,5675.122222222222,0.0,0.0,0,1.0,0.0
2020089,Rex block,,57.30081311695227,-138.0062176920209,2020,9,14,931846,768363.0,0.6366666666666667,4,4.5064568519592285,3.484753069358987,5787.0,5777.325,0.0,0.25,0,0.75,0.0
2020090,Rex block,,74.2628749800042,-166.2186274375867,2020,9,24,2398823,1624873.6,0.596,5,1.524651050567627,0.3792767775223612,5543.5,5463.04,0.0,0.0,0,0.6,0.4
2020091,Rex block,,65.8229725282488,23.049785459942026,2020,9,26,6738777,3163777.785714286,0.7446153846153846,14,3.935873508453369,1.8806716712952578,5845.0,5715.7,0.0,0.2857142857142857,0,0.42857142857142855,0.21428571428571427
2020092,Ridge,,45.64949756882911,-45.964570843804886,2020,9,28,864306,818782.6666666666,0.7597999999999999,6,4.572963714599609,3.3888464631178437,5953.8,5926.450000000001,1.0,0.0,0,0.0,0.0
2020093,Ridge,,47.41685324888826,-124.12639835218134,2020,9,29,2155960,1378173.4444444445,0.760375,9,4.974818229675293,3.347684921043464,5935.5,5894.466666666666,1.0,0.0,0,0.0,0.0
2020094,Rex block (polar),,75.30502340949928,-113.23968346497934,2020,10,4,4570986,1867030.4,0.6455555555555555,10,2.0932674407958984,0.5190618505248785,5574.2,5464.04,0.0,0.0,0,0.3,0.7
2020095,Ridge,,48.53596973259372,51.65587786141918,2020,10,4,3035886,2062206.8823529412,0.7658750000000001,17,3.9411067962646484,2.513221789749812,5878.5,5837.094117647059,0.7647058823529411,0.23529411764705882,0,0.0,0.0
2020096,Ridge,,47.916704729106435,-23.942554453067277,2020,10,9,1699963,1276795.6666666667,0.7376,6,4.266548156738281,2.958456844098593,5941.5,5884.333333333333,0.6666666666666666,0.3333333333333333,0,0.0,0.0
2020097,Rex block,,57.475446569819965,-24.043749960107647,2020,10,13,3871259,2142744.75,0.6448571428571429,8,5.455565452575684,3.2437266583380193,5951.0,5840.75,0.125,0.375,0,0.5,0.0
2020098,Rex block (polar),,80.15018362244342,-40.218010391696424,2020,10,14,5607403,2802971.4545454546,0.7363999999999999,11,1.677560806274414,0.4303148736171527,5620.5,5468.881818181818,0.0,0.0,0,0.09090909090909091,0.9090909090909091
2020099,Ridge,,46.369983757130264,-143.58471302538157,2020,10,20,1301011,894946.5,0.7428571428571429,8,4.477250576019287,3.2907807169972187,5897.0,5874.2375,1.0,0.0,0,0.0,0.0
2020100,Ridge,,46.08541169913019,27.564821835267868,2020,10,21,1164891,923360.25,0.8743333333333334,4,2.9396533966064453,2.3812283372337166,5855.5,5831.125,1.0,0.0,0,0.0,0.0
2020101,Rex block,,66.25426836825511,-176.13784118973655,2020,10,21,2025954,1266638.0,0.7356666666666666,4,2.8651833534240723,1.776379730417218,5596.8,5542.775,0.0,0.0,0,1.0,0.0
2020102,Ridge,,48.84297984969321,38.24609315074013,2020,10,26,7675368,2208448.529411765,0.7125,17,5.990707874298096,2.5477243534396044,5872.2,5799.988235294117,0.7647058823529411,0.17647058823529413,0,0.0,0.0
2020103,Rex block,,73.15552489251942,-28.75504253389638,2020,10,27,2280070,1368219.2,0.586,5,2.4019360542297363,1.0470764814336933,5379.8,5331.66,0.0,0.0,0,0.6,0.4
2020104,Ridge,,47.86197934397575,13.433609427300068,2020,10,30,1643585,1023784.1666666666,0.6082000000000001,6,3.3853769302368164,2.3731372891900375,5844.0,5818.400000000001,0.8333333333333334,0.16666666666666666,0,0.0,0.0
2020105,Ridge,,45.67329339484988,-113.32210516409026,2020,11,1,807243,701031.0,0.6023333333333333,4,4.89354133605957,4.116396680796818,5862.5,5828.0,1.0,0.0,0,0.0,0.0
2020106,Rex block (polar),,78.74539787629763,105.00915010487141,2020,11,2,2233897,1476918.2857142857,0.6345000000000001,7,2.14918851852417,0.9218764956976371,5405.8,5369.714285714285,0.0,0.0,0,0.0,1.0
2020107,Rex block (polar),,78.32996221719142,10.56923301281616,2020,11,9,2697244,1883754.2,0.72325,5,2.0318984985351562,0.9125277198702164,5373.0,5325.42,0.0,0.0,0,0.2,0.8
2020108,Rex block,,71.12053631417668,88.50676436466328,2020,11,14,3025976,1524794.25,0.4693333333333333,4,3.1700849533081055,1.5114545800857662,5571.2,5440.275,0.0,0.0,0,0.75,0.25
2020109,Rex block,,57.005945300590625,69.65420026944655,2020,11,17,1684143,1114509.142857143,0.7018333333333334,7,3.366219997406006,2.621160199713191,5642.8,5617.599999999999,0.0,0.0,0,1.0,0.0
2020110,Rex block,,71.99183331715011,-49.9879559902555,2020,11,18,3911618,2545071.5384615385,0.7030833333333334,13,3.191995620727539,0.9586205781986021,5417.2,5337.207692307692,0.0,0.0,0,0.6923076923076923,0.3076923076923077
2020111,Ridge,,44.941038468118656,-5.315571779869535,2020,11,19,2815287,1637027.6666666667,0.6764,6,3.616023063659668,2.1547642188899254,5886.5,5824.383333333334,1.0,0.0,0,0.0,0.0
2020112,Ridge,,44.494998368167096,-32.52258325002139,2020,11,28,3907749,1881363.6666666667,0.7032727272727274,12,5.523407459259033,3.4617687205561296,5920.2,5833.116666666666,0.6666666666666666,0.16666666666666666,0,0.0,0.0
2020113,Ridge,,45.09877116525506,-116.04539450473638,2020,12,1,2897183,2081465.0,0.75475,9,5.343997478485107,4.1554324675939665,5855.5,5806.322222222222,0.8888888888888888,0.0,0,0.0,0.0
2020114,Rex block,,66.08836476433954,-4.945266861432112,2020,12,4,5570580,2813612.3529411764,0.6873749999999998,17,4.839897155761719,1.5908595235677108,5742.0,5475.400000000001,0.0,0.11764705882352941,0,0.6470588235294118,0.23529411764705882
2020115,Rex block (polar),,80.84845649786764,17.164181061052197,2020,12,4,2296810,1429526.5,0.7110000000000001,8,1.940453052520752,0.26224501264956895,5212.0,5177.912499999999,0.0,0.0,0,0.0,1.0
2020116,Rex block,,67.91683253010008,-99.05065603668727,2020,12,10,3768290,2492587.6,0.624,5,3.231990337371826,2.113484220942084,5517.5,5458.96,0.0,0.0,0,1.0,0.0
2020117,Ridge,,43.450836662969266,17.775530066351873,2020,12,15,3110473,2121670.3333333335,0.759,6,3.696918487548828,1.485695547031917,5736.5,5718.099999999999,1.0,0.0,0,0.0,0.0
2020118,Rex block (polar),,78.16877176273637,-81.62360442961347,2020,12,15,2135157,1190512.5,0.698,4,3.375375270843506,1.5275791298338781,5497.8,5478.125,0.0,0.0,0,0.0,1.0
2020119,Rex block (polar),,77.01304830630113,22.879058782762794,2020,12,19,4916467,3095356.230769231,0.6294166666666666,13,3.1165003776550293,0.7363115547036533,5522.5,5379.592307692307,0.0,0.0,0,0.07692307692307693,0.9230769230769231
2020120,Ridge,,41.90884284574467,9.575411309405087,2020,12,21,1875700,1532153.75,0.831,4,2.974843978881836,1.8651503881939775,5816.0,5781.3,1.0,0.0,0,0.0,0.0
2020121,Ridge,,44.21900260609284,-34.6889028307493,2020,12,22,5216263,2873499.2,0.692111111111111,10,6.492936611175537,3.122670777850522,5845.2,5777.590000000001,0.5,0.3,0,0.0,0.0
2020122,Ridge,,42.59175409766979,45.82355415476519,2020,12,26,3063264,2060715.5,0.7398,6,3.980433940887451,2.636674888266717,5748.8,5728.183333333333,1.0,0.0,0,0.0,0.0
2020123,Rex block,,66.60876861396144,-0.5564949120487128,2020,12,27,3249336,2622198.0,0.718,4,2.1007418632507324,0.4964342742020679,5285.5,5229.875,0.0,0.0,0,1.0,0.0
